filepath,cifar_class,cifar_label,synthesised
data\audio\AudioSet\clips\airplane\SbzTJWeo-R8_30.wav,airplane,0,False
data\audio\AudioSet\clips\airplane\8W0KcQLImuo_190.wav,airplane,0,False
data\audio\AudioSet\clips\airplane\2vvtR9Xwzp0_40.wav,airplane,0,False
data\audio\AudioSet\clips\airplane\TaFbk-RJrLI_0.wav,airplane,0,False
data\audio\AudioSet\clips\airplane\NIRF2ugmr9o_30.wav,airplane,0,False
data\audio\AudioSet\clips\airplane\OZJ7ZMpGF3k_30.wav,airplane,0,False
data\audio\AudioSet\clips\airplane\dJMmAHoLNY4_20.wav,airplane,0,False
data\audio\AudioSet\clips\airplane\hQGF6bi1t6w_20.wav,airplane,0,False
data\audio\AudioSet\clips\airplane\Wrfvo1eFRFk_70.wav,airplane,0,False
data\audio\AudioSet\clips\airplane\98zUd-1I4mU_30.wav,airplane,0,False
data\audio\AudioSet\clips\airplane\sXBbM4fvMSY_40.wav,airplane,0,False
data\audio\AudioSet\clips\airplane\srBIQiHcOTQ_20.wav,airplane,0,False
data\audio\AudioSet\clips\airplane\0m72FCNQQEI_40.wav,airplane,0,False
data\audio\AudioSet\clips\airplane\SUKCp4pK5LY_0.wav,airplane,0,False
data\audio\AudioSet\clips\airplane\aaQ489FcdAE_300.wav,airplane,0,False
data\audio\AudioSet\clips\airplane\Poi51D2XdPQ_510.wav,airplane,0,False
data\audio\AudioSet\clips\airplane\LJCt0UAzBTI_80.wav,airplane,0,False
data\audio\AudioSet\clips\airplane\Rm7cZN0IcrY_40.wav,airplane,0,False
data\audio\AudioSet\clips\airplane\ZBEhTIdIb4g_30.wav,airplane,0,False
data\audio\AudioSet\clips\airplane\GOCs7Ng521Y_110.wav,airplane,0,False
data\audio\AudioSet\clips\airplane\9CRvkgEi72k_90.wav,airplane,0,False
data\audio\AudioSet\clips\airplane\eCC6ZbZvG8I_90.wav,airplane,0,False
data\audio\AudioSet\clips\airplane\OecEaoBtxpw_350.wav,airplane,0,False
data\audio\AudioSet\clips\airplane\ceSv-8p0iW0_30.wav,airplane,0,False
data\audio\AudioSet\clips\airplane\bKCwHwwi2w0_160.wav,airplane,0,False
data\audio\AudioSet\clips\airplane\DkwFXd5nYLE_40.wav,airplane,0,False
data\audio\AudioSet\clips\airplane\Igon-95J3W8_0.wav,airplane,0,False
data\audio\AudioSet\clips\airplane\Yle0bNfmf0E_30.wav,airplane,0,False
data\audio\AudioSet\clips\airplane\9Vy7UgCwEkk_10.wav,airplane,0,False
data\audio\AudioSet\clips\airplane\hhzoH17yf3o_20.wav,airplane,0,False
data\audio\AudioSet\clips\airplane\uZQ5JyGXTI4_60.wav,airplane,0,False
data\audio\AudioSet\clips\airplane\vpki2tKlSgQ_30.wav,airplane,0,False
data\audio\AudioSet\clips\airplane\7z3fXPKfxZY_130.wav,airplane,0,False
data\audio\AudioSet\clips\airplane\dWOhJNBRv40_590.wav,airplane,0,False
data\audio\AudioSet\clips\airplane\LhRNnXaSsCk_30.wav,airplane,0,False
data\audio\AudioSet\clips\airplane\yYdYMd4RX_w_30.wav,airplane,0,False
data\audio\AudioSet\clips\airplane\dAOa3WbL54w_120.wav,airplane,0,False
data\audio\AudioSet\clips\airplane\g9NycyNlkLs_480.wav,airplane,0,False
data\audio\AudioSet\clips\airplane\3klGi-ujenE_90.wav,airplane,0,False
data\audio\AudioSet\clips\airplane\koRoV31dRog_40.wav,airplane,0,False
data\audio\AudioSet\clips\airplane\Znx8CjueJqs_30.wav,airplane,0,False
data\audio\AudioSet\clips\airplane\FoswMlvrv8o_10.wav,airplane,0,False
data\audio\AudioSet\clips\airplane\E8sYrDYcIxg_30.wav,airplane,0,False
data\audio\AudioSet\clips\airplane\_GcfZXqPJf4_110.wav,airplane,0,False
data\audio\AudioSet\clips\airplane\smTo8842-5c_80.wav,airplane,0,False
data\audio\AudioSet\clips\airplane\dzIT-zvyVlY_590.wav,airplane,0,False
data\audio\AudioSet\clips\airplane\oT2gcsEeceQ_62.wav,airplane,0,False
data\audio\AudioSet\clips\airplane\5nh_9STUFoc_110.wav,airplane,0,False
data\audio\AudioSet\clips\airplane\HgDZJ5h33SI_40.wav,airplane,0,False
data\audio\AudioSet\clips\airplane\OndIPDsFbX4_80.wav,airplane,0,False
data\audio\AudioSet\clips\airplane\qxnBcZ0CETg_250.wav,airplane,0,False
data\audio\AudioSet\clips\airplane\CG_FRQwVoCk_90.wav,airplane,0,False
data\audio\AudioSet\clips\airplane\akjMGNYTAdA_30.wav,airplane,0,False
data\audio\AudioSet\clips\airplane\vQ1a7oK-C78_80.wav,airplane,0,False
data\audio\AudioSet\clips\airplane\ZAgh7zo2z4k_30.wav,airplane,0,False
data\audio\AudioSet\clips\airplane\cEgiqCZLJqQ_280.wav,airplane,0,False
data\audio\AudioSet\clips\airplane\pnplikV_qrU_250.wav,airplane,0,False
data\audio\AudioSet\clips\airplane\j4EjXoLGSxE_130.wav,airplane,0,False
data\audio\AudioSet\clips\airplane\9hFe3dE4HZg_190.wav,airplane,0,False
data\audio\AudioSet\clips\airplane\c1gDDSTAq1Q_280.wav,airplane,0,False
data\audio\AudioSet\clips\airplane\2R6B4xm9LL8_100.wav,airplane,0,False
data\audio\AudioSet\clips\airplane\A68tYY9AA9Q_30.wav,airplane,0,False
data\audio\AudioSet\clips\airplane\fM62ac4UkMI_260.wav,airplane,0,False
data\audio\AudioSet\clips\airplane\6aFke8y0WSY_190.wav,airplane,0,False
data\audio\AudioSet\clips\airplane\Tdu27y8ryvk_430.wav,airplane,0,False
data\audio\AudioSet\clips\airplane\4v5EzR3qeW0_40.wav,airplane,0,False
data\audio\AudioSet\clips\airplane\PvVTvK5hpy8_280.wav,airplane,0,False
data\audio\AudioSet\clips\airplane\WHW_r9SFmIs_540.wav,airplane,0,False
data\audio\AudioSet\clips\airplane\ykjA2N1EeZY_20.wav,airplane,0,False
data\audio\AudioSet\clips\airplane\L8TboIEJyg8_20.wav,airplane,0,False
data\audio\AudioSet\clips\airplane\J5-mjglse5E_90.wav,airplane,0,False
data\audio\AudioSet\clips\airplane\qYZo8SyvCzU_210.wav,airplane,0,False
data\audio\AudioSet\clips\airplane\i3LjPZrO5Ho_26.wav,airplane,0,False
data\audio\AudioSet\clips\airplane\XGammZXc2Eo_30.wav,airplane,0,False
data\audio\AudioSet\clips\airplane\N8oL33zAKGo_380.wav,airplane,0,False
data\audio\AudioSet\clips\airplane\z4HX8-du2nQ_70.wav,airplane,0,False
data\audio\AudioSet\clips\airplane\UJEq16ceVd0_210.wav,airplane,0,False
data\audio\AudioSet\clips\airplane\gc6s9fopyg8_20.wav,airplane,0,False
data\audio\AudioSet\clips\airplane\LY4QU91tHjQ_30.wav,airplane,0,False
data\audio\AudioSet\clips\airplane\ITRNEOdgHY8_380.wav,airplane,0,False
data\audio\AudioSet\clips\airplane\w2zE86YAGf8_30.wav,airplane,0,False
data\audio\AudioSet\clips\airplane\LX_FgjpJE60_0.wav,airplane,0,False
data\audio\AudioSet\clips\airplane\rFAu82IS-hU_30.wav,airplane,0,False
data\audio\AudioSet\clips\airplane\dvBwMOqlco8_260.wav,airplane,0,False
data\audio\AudioSet\clips\airplane\YpUQ46pPj4c_0.wav,airplane,0,False
data\audio\AudioSet\clips\airplane\MaPm9hh8xeI_50.wav,airplane,0,False
data\audio\AudioSet\clips\airplane\NKMN9rU1x-A_290.wav,airplane,0,False
data\audio\AudioSet\clips\airplane\VYBRdcKQKQ4_350.wav,airplane,0,False
data\audio\AudioSet\clips\airplane\EWLtHjhE79Q_30.wav,airplane,0,False
data\audio\AudioSet\clips\airplane\dc0SNVwdDSs_30.wav,airplane,0,False
data\audio\AudioSet\clips\airplane\xAyFvqkINEA_30.wav,airplane,0,False
data\audio\AudioSet\clips\airplane\0QqQ1j1vBgw_30.wav,airplane,0,False
data\audio\AudioSet\clips\airplane\kjRaoBHgWXQ_30.wav,airplane,0,False
data\audio\AudioSet\clips\airplane\ArIES6ScYzo_330.wav,airplane,0,False
data\audio\AudioSet\clips\airplane\1V6XB6jcz7c_20.wav,airplane,0,False
data\audio\AudioSet\clips\airplane\BvtZGHZbC1c_50.wav,airplane,0,False
data\audio\AudioSet\clips\airplane\UWOaC3qgE3A_27.wav,airplane,0,False
data\audio\AudioSet\clips\airplane\YK4t2OGhddE_30.wav,airplane,0,False
data\audio\AudioSet\clips\airplane\R2Aq_j1TDSs_40.wav,airplane,0,False
data\audio\AudioSet\clips\airplane\Uv3K_pEUlX8_20.wav,airplane,0,False
data\audio\AudioSet\clips\automobile\2IpCIYF0lVU_29.wav,automobile,1,False
data\audio\AudioSet\clips\automobile\8M6d2W0KQd4_30.wav,automobile,1,False
data\audio\AudioSet\clips\automobile\Q6PCrFDeR0E_0.wav,automobile,1,False
data\audio\AudioSet\clips\automobile\51Wq8OYk5sU_30.wav,automobile,1,False
data\audio\AudioSet\clips\automobile\BeILNH0jSVg_90.wav,automobile,1,False
data\audio\AudioSet\clips\automobile\2-1wY_Ndtgw_10.wav,automobile,1,False
data\audio\AudioSet\clips\automobile\LbopBade5MQ_250.wav,automobile,1,False
data\audio\AudioSet\clips\automobile\XeygOewgRt8_20.wav,automobile,1,False
data\audio\AudioSet\clips\automobile\J0pA8HHaGNE_50.wav,automobile,1,False
data\audio\AudioSet\clips\automobile\Q7maWkUrYtA_40.wav,automobile,1,False
data\audio\AudioSet\clips\automobile\3OayXXRtdk4_70.wav,automobile,1,False
data\audio\AudioSet\clips\automobile\V9JU5FmhtjM_30.wav,automobile,1,False
data\audio\AudioSet\clips\automobile\6RcxitW4w1U_20.wav,automobile,1,False
data\audio\AudioSet\clips\automobile\L9YtOeck3A0_0.wav,automobile,1,False
data\audio\AudioSet\clips\automobile\1AwDdAiWVqY_30.wav,automobile,1,False
data\audio\AudioSet\clips\automobile\K6M2Q24k178_50.wav,automobile,1,False
data\audio\AudioSet\clips\automobile\KnvLCqcDJw8_70.wav,automobile,1,False
data\audio\AudioSet\clips\automobile\DPModTuJA_M_21.wav,automobile,1,False
data\audio\AudioSet\clips\automobile\0hipL0SkXMo_40.wav,automobile,1,False
data\audio\AudioSet\clips\automobile\Kz8UNlwvsPw_23.wav,automobile,1,False
data\audio\AudioSet\clips\automobile\2Ck7MX5LEck_90.wav,automobile,1,False
data\audio\AudioSet\clips\automobile\B9n4a5ciI48_16.wav,automobile,1,False
data\audio\AudioSet\clips\automobile\AGHHdzjFNGI_340.wav,automobile,1,False
data\audio\AudioSet\clips\automobile\Wkqm7GFQx6k_10.wav,automobile,1,False
data\audio\AudioSet\clips\automobile\WQcS2qPupwQ_60.wav,automobile,1,False
data\audio\AudioSet\clips\automobile\SwqfzROaTJY_170.wav,automobile,1,False
data\audio\AudioSet\clips\automobile\L4QThlISt4U_30.wav,automobile,1,False
data\audio\AudioSet\clips\automobile\B4l-0zH00nI_110.wav,automobile,1,False
data\audio\AudioSet\clips\automobile\ExqedxdXuBc_70.wav,automobile,1,False
data\audio\AudioSet\clips\automobile\_bYe6wcQCXs_90.wav,automobile,1,False
data\audio\AudioSet\clips\automobile\4z6mZw4I5Uo_20.wav,automobile,1,False
data\audio\AudioSet\clips\automobile\OJe1yEKFfdI_30.wav,automobile,1,False
data\audio\AudioSet\clips\automobile\QNcSk5e-FII_210.wav,automobile,1,False
data\audio\AudioSet\clips\automobile\55jtGZAKoHQ_11.wav,automobile,1,False
data\audio\AudioSet\clips\automobile\0mgwBb6HO-k_420.wav,automobile,1,False
data\audio\AudioSet\clips\automobile\6xwYlluHhXs_0.wav,automobile,1,False
data\audio\AudioSet\clips\automobile\UeUVINFMdQQ_0.wav,automobile,1,False
data\audio\AudioSet\clips\automobile\PmHi8zB-wGk_30.wav,automobile,1,False
data\audio\AudioSet\clips\automobile\Giu_Y-RgLVU_50.wav,automobile,1,False
data\audio\AudioSet\clips\automobile\Uo0p-l2EIcU_22.wav,automobile,1,False
data\audio\AudioSet\clips\automobile\6F6-t75PGFU_140.wav,automobile,1,False
data\audio\AudioSet\clips\automobile\IsNQ98J3GlY_20.wav,automobile,1,False
data\audio\AudioSet\clips\automobile\E1wV4qdUVSk_0.wav,automobile,1,False
data\audio\AudioSet\clips\automobile\bJ424-lPwV4_120.wav,automobile,1,False
data\audio\AudioSet\clips\automobile\QktjNB2BxjA_0.wav,automobile,1,False
data\audio\AudioSet\clips\automobile\-oYYvzarYDs_70.wav,automobile,1,False
data\audio\AudioSet\clips\automobile\HAKA7KlwvmQ_30.wav,automobile,1,False
data\audio\AudioSet\clips\automobile\ME1RvMwv16g_40.wav,automobile,1,False
data\audio\AudioSet\clips\automobile\T62i7a2HQQ4_70.wav,automobile,1,False
data\audio\AudioSet\clips\automobile\9q__LUedHbc_20.wav,automobile,1,False
data\audio\AudioSet\clips\automobile\CE8hMDPAJBk_80.wav,automobile,1,False
data\audio\AudioSet\clips\automobile\_JFFhzZhIvk_80.wav,automobile,1,False
data\audio\AudioSet\clips\automobile\45MeR1d_qck_30.wav,automobile,1,False
data\audio\AudioSet\clips\automobile\T40AD-E3ci4_250.wav,automobile,1,False
data\audio\AudioSet\clips\automobile\OSUVuxAZgdk_50.wav,automobile,1,False
data\audio\AudioSet\clips\automobile\IG6Co7V5OkI_0.wav,automobile,1,False
data\audio\AudioSet\clips\automobile\CNOv30jkKSU_30.wav,automobile,1,False
data\audio\AudioSet\clips\automobile\5Q9SNbMA11Y_30.wav,automobile,1,False
data\audio\AudioSet\clips\automobile\F8gNKcem_1M_80.wav,automobile,1,False
data\audio\AudioSet\clips\automobile\391V6NBnd0U_30.wav,automobile,1,False
data\audio\AudioSet\clips\automobile\RsnKIYFQSoE_190.wav,automobile,1,False
data\audio\AudioSet\clips\automobile\G4Rp68qV_aw_40.wav,automobile,1,False
data\audio\AudioSet\clips\automobile\BM0MSMJBCrA_30.wav,automobile,1,False
data\audio\AudioSet\clips\automobile\VXJhAGyjvkg_40.wav,automobile,1,False
data\audio\AudioSet\clips\automobile\0jBiK305ZIY_30.wav,automobile,1,False
data\audio\AudioSet\clips\automobile\-z0q4AgXQwo_30.wav,automobile,1,False
data\audio\AudioSet\clips\automobile\4aN_Vvn1lBY_30.wav,automobile,1,False
data\audio\AudioSet\clips\automobile\QM4qxOYDwHo_90.wav,automobile,1,False
data\audio\AudioSet\clips\automobile\-uBbPbRML3U_290.wav,automobile,1,False
data\audio\AudioSet\clips\automobile\58SoI7YKr4o_30.wav,automobile,1,False
data\audio\AudioSet\clips\automobile\F9qxvpX7ndI_330.wav,automobile,1,False
data\audio\AudioSet\clips\automobile\WOSCX6icco0_0.wav,automobile,1,False
data\audio\AudioSet\clips\automobile\C1O7V0jiiNw_290.wav,automobile,1,False
data\audio\AudioSet\clips\automobile\0IUR0a8uR5c_30.wav,automobile,1,False
data\audio\AudioSet\clips\automobile\S-mCHi1cgas_10.wav,automobile,1,False
data\audio\AudioSet\clips\automobile\MkUDPLkMGxA_230.wav,automobile,1,False
data\audio\AudioSet\clips\automobile\-jBWkHhQNew_30.wav,automobile,1,False
data\audio\AudioSet\clips\automobile\PE-U8iMqwho_80.wav,automobile,1,False
data\audio\AudioSet\clips\automobile\NyOc1R-_GNw_70.wav,automobile,1,False
data\audio\AudioSet\clips\automobile\aq7axBA11pE_510.wav,automobile,1,False
data\audio\AudioSet\clips\automobile\8iy3RjnVats_60.wav,automobile,1,False
data\audio\AudioSet\clips\automobile\FdeHk3CjgB0_0.wav,automobile,1,False
data\audio\AudioSet\clips\automobile\4y0KbKCyKus_140.wav,automobile,1,False
data\audio\AudioSet\clips\automobile\6pifhdQ0pdg_10.wav,automobile,1,False
data\audio\AudioSet\clips\automobile\O9_oZ_c5yFg_80.wav,automobile,1,False
data\audio\AudioSet\clips\automobile\3ucGON1gEZk_500.wav,automobile,1,False
data\audio\AudioSet\clips\automobile\3esyOI3cuPI_340.wav,automobile,1,False
data\audio\AudioSet\clips\automobile\Pu7_jfDpeoU_30.wav,automobile,1,False
data\audio\AudioSet\clips\automobile\DpbEoAEI0Sk_110.wav,automobile,1,False
data\audio\AudioSet\clips\automobile\Cu7uy6m4rw0_90.wav,automobile,1,False
data\audio\AudioSet\clips\automobile\E-F3eGRXiBI_60.wav,automobile,1,False
data\audio\AudioSet\clips\automobile\6hEx-wgrdAw_40.wav,automobile,1,False
data\audio\AudioSet\clips\automobile\HeCcfjQngB8_20.wav,automobile,1,False
data\audio\AudioSet\clips\automobile\E3YwyNv5zwk_20.wav,automobile,1,False
data\audio\AudioSet\clips\automobile\LFn5sfq3hgs_470.wav,automobile,1,False
data\audio\AudioSet\clips\automobile\XAJN8G5gK90_240.wav,automobile,1,False
data\audio\AudioSet\clips\automobile\SE1ik9fxks4_90.wav,automobile,1,False
data\audio\AudioSet\clips\automobile\9AOscWZLuk8_60.wav,automobile,1,False
data\audio\AudioSet\clips\automobile\F9nxC_387WE_50.wav,automobile,1,False
data\audio\AudioSet\clips\automobile\QjVSxDY1Bhs_0.wav,automobile,1,False
data\audio\AudioSet\clips\bird\svhc8qxCigE_0.wav,bird,2,False
data\audio\AudioSet\clips\bird\PlcEZtXPHj8_130.wav,bird,2,False
data\audio\AudioSet\clips\bird\rL4Z9d9oObY_30.wav,bird,2,False
data\audio\AudioSet\clips\bird\cgTCoTD3BWI_250.wav,bird,2,False
data\audio\AudioSet\clips\bird\KZXC1iouJyo_70.wav,bird,2,False
data\audio\AudioSet\clips\bird\5_vuxyPOuiY_30.wav,bird,2,False
data\audio\AudioSet\clips\bird\ycXARBCdxBg_160.wav,bird,2,False
data\audio\AudioSet\clips\bird\AqfteuxjI2g_0.wav,bird,2,False
data\audio\AudioSet\clips\bird\mL3GCt-X9Nk_30.wav,bird,2,False
data\audio\AudioSet\clips\bird\Ve-RFG6nSsc_140.wav,bird,2,False
data\audio\AudioSet\clips\bird\1Xmw9VUzvLY_150.wav,bird,2,False
data\audio\AudioSet\clips\bird\j_ZwYJNu5mE_130.wav,bird,2,False
data\audio\AudioSet\clips\bird\1nF0Pv-VBSc_580.wav,bird,2,False
data\audio\AudioSet\clips\bird\EJE5_d-yauI_30.wav,bird,2,False
data\audio\AudioSet\clips\bird\492jB4DXETM_240.wav,bird,2,False
data\audio\AudioSet\clips\bird\5DmXE3NTxRQ_130.wav,bird,2,False
data\audio\AudioSet\clips\bird\roN_B9VVH0w_90.wav,bird,2,False
data\audio\AudioSet\clips\bird\ng2I7GnYkRA_220.wav,bird,2,False
data\audio\AudioSet\clips\bird\xb_cRKUoACM_30.wav,bird,2,False
data\audio\AudioSet\clips\bird\1oY0kFtKu20_470.wav,bird,2,False
data\audio\AudioSet\clips\bird\G8tT-uKj3Ls_30.wav,bird,2,False
data\audio\AudioSet\clips\bird\1Uj_ulATth0_360.wav,bird,2,False
data\audio\AudioSet\clips\bird\1E_3Grl-3PA_340.wav,bird,2,False
data\audio\AudioSet\clips\bird\12T-9dLEbY8_20.wav,bird,2,False
data\audio\AudioSet\clips\bird\5k6EjPymsRc_350.wav,bird,2,False
data\audio\AudioSet\clips\bird\xIY4UbYa8K8_270.wav,bird,2,False
data\audio\AudioSet\clips\bird\lm_K_5nwhCk_440.wav,bird,2,False
data\audio\AudioSet\clips\bird\D7WIcFJ1Ye4_30.wav,bird,2,False
data\audio\AudioSet\clips\bird\SeuVGJhjpA4_30.wav,bird,2,False
data\audio\AudioSet\clips\bird\YykyGidfpfw_30.wav,bird,2,False
data\audio\AudioSet\clips\bird\tM5eEL9a7Ws_30.wav,bird,2,False
data\audio\AudioSet\clips\bird\h0sfi8X3ws4_190.wav,bird,2,False
data\audio\AudioSet\clips\bird\dfD7GGotexs_30.wav,bird,2,False
data\audio\AudioSet\clips\bird\iAQk_vQ3XI8_200.wav,bird,2,False
data\audio\AudioSet\clips\bird\-qS77R0Y1K8_30.wav,bird,2,False
data\audio\AudioSet\clips\bird\KVoastX6t2M_50.wav,bird,2,False
data\audio\AudioSet\clips\bird\_xlD3t6JJnk_50.wav,bird,2,False
data\audio\AudioSet\clips\bird\9KD9_wsWudk_70.wav,bird,2,False
data\audio\AudioSet\clips\bird\EWV8CU6X6HA_30.wav,bird,2,False
data\audio\AudioSet\clips\bird\xfdv5FQOJfU_30.wav,bird,2,False
data\audio\AudioSet\clips\bird\4k74Cvw2rLU_160.wav,bird,2,False
data\audio\AudioSet\clips\bird\TvAqcCyIOno_0.wav,bird,2,False
data\audio\AudioSet\clips\bird\PMVia-zf_3I_90.wav,bird,2,False
data\audio\AudioSet\clips\bird\kSu1zqB4Ttc_30.wav,bird,2,False
data\audio\AudioSet\clips\bird\Ruwtz5H2Jvg_30.wav,bird,2,False
data\audio\AudioSet\clips\bird\6L8bljNWiwU_10.wav,bird,2,False
data\audio\AudioSet\clips\bird\HTtVCNQXNbw_320.wav,bird,2,False
data\audio\AudioSet\clips\bird\3NGZcpAZcl0_30.wav,bird,2,False
data\audio\AudioSet\clips\bird\QvxNmz0GIOY_210.wav,bird,2,False
data\audio\AudioSet\clips\bird\EodzL5d9A78_30.wav,bird,2,False
data\audio\AudioSet\clips\bird\l8wsUOakfFM_130.wav,bird,2,False
data\audio\AudioSet\clips\bird\1dH-lZ8TNLU_10.wav,bird,2,False
data\audio\AudioSet\clips\bird\eE8QMTqL01I_0.wav,bird,2,False
data\audio\AudioSet\clips\bird\Jhp7vwvAic4_220.wav,bird,2,False
data\audio\AudioSet\clips\bird\0CTgEP0SIVg_10.wav,bird,2,False
data\audio\AudioSet\clips\bird\4NBN36NCT-8_30.wav,bird,2,False
data\audio\AudioSet\clips\bird\Gd8v14IzF7E_30.wav,bird,2,False
data\audio\AudioSet\clips\bird\U_5ZaPrWcbM_30.wav,bird,2,False
data\audio\AudioSet\clips\bird\93b0scnqSOw_30.wav,bird,2,False
data\audio\AudioSet\clips\bird\9ipmg9ilx-Q_30.wav,bird,2,False
data\audio\AudioSet\clips\bird\07vCFDpflcQ_80.wav,bird,2,False
data\audio\AudioSet\clips\bird\TiFboW8mqd4_30.wav,bird,2,False
data\audio\AudioSet\clips\bird\5tyZiD0-8z4_320.wav,bird,2,False
data\audio\AudioSet\clips\bird\uRZKIy-a39Q_100.wav,bird,2,False
data\audio\AudioSet\clips\bird\OBSce-F-DWc_230.wav,bird,2,False
data\audio\AudioSet\clips\bird\EtPIEB0fbzA_460.wav,bird,2,False
data\audio\AudioSet\clips\bird\17L2VkXtcQ0_30.wav,bird,2,False
data\audio\AudioSet\clips\bird\l4ZGhLhhoHw_13.wav,bird,2,False
data\audio\AudioSet\clips\bird\OXeIdX9T5HY_2.wav,bird,2,False
data\audio\AudioSet\clips\bird\-116CjQ3MAg_160.wav,bird,2,False
data\audio\AudioSet\clips\bird\QFAZGNVnxiM_160.wav,bird,2,False
data\audio\AudioSet\clips\bird\QGGy_B7hshY_30.wav,bird,2,False
data\audio\AudioSet\clips\bird\e78QzuLkfkY_0.wav,bird,2,False
data\audio\AudioSet\clips\bird\_P0wk3ovrRg_0.wav,bird,2,False
data\audio\AudioSet\clips\bird\Vgmk-LtyDvc_140.wav,bird,2,False
data\audio\AudioSet\clips\bird\4qaiLMEce6Y_25.wav,bird,2,False
data\audio\AudioSet\clips\bird\9aj2vwm0GnU_30.wav,bird,2,False
data\audio\AudioSet\clips\bird\pjibJEFb2H4_60.wav,bird,2,False
data\audio\AudioSet\clips\bird\4IZkyZOivZg_30.wav,bird,2,False
data\audio\AudioSet\clips\bird\3rcYcz3YPBY_50.wav,bird,2,False
data\audio\AudioSet\clips\bird\Q0K4lLjQNt0_30.wav,bird,2,False
data\audio\AudioSet\clips\bird\HhLTkiuXDwQ_360.wav,bird,2,False
data\audio\AudioSet\clips\bird\H_Bcux0FRxM_30.wav,bird,2,False
data\audio\AudioSet\clips\bird\97HvGCTb-9s_140.wav,bird,2,False
data\audio\AudioSet\clips\bird\kAUv1B-_wGc_30.wav,bird,2,False
data\audio\AudioSet\clips\bird\nwZC-m2SrUc_30.wav,bird,2,False
data\audio\AudioSet\clips\bird\YVdHpVLby5I_50.wav,bird,2,False
data\audio\AudioSet\clips\bird\T7ApcW_HzGI_300.wav,bird,2,False
data\audio\AudioSet\clips\bird\_yqlQimkHpQ_260.wav,bird,2,False
data\audio\AudioSet\clips\bird\Qp8zD7i5DiQ_30.wav,bird,2,False
data\audio\AudioSet\clips\bird\DTieJvYa-sA_19.wav,bird,2,False
data\audio\AudioSet\clips\bird\frNeSUlR8ZI_9.wav,bird,2,False
data\audio\AudioSet\clips\bird\5UUf4vEJSX4_30.wav,bird,2,False
data\audio\AudioSet\clips\bird\pEnzIOeXAzI_150.wav,bird,2,False
data\audio\AudioSet\clips\bird\q1SEXCVrPcc_250.wav,bird,2,False
data\audio\AudioSet\clips\bird\Rbggyp_dUdo_50.wav,bird,2,False
data\audio\AudioSet\clips\bird\DVEuOBxAyFM_20.wav,bird,2,False
data\audio\AudioSet\clips\bird\Zne7nhlzUBQ_26.wav,bird,2,False
data\audio\AudioSet\clips\bird\m1yOTcjRjcM_11.wav,bird,2,False
data\audio\AudioSet\clips\bird\mV3SLqlHCI0_180.wav,bird,2,False
data\audio\AudioSet\clips\cat\CxNgd-mdl1A_30.wav,cat,3,False
data\audio\AudioSet\clips\cat\gYD1y9sEgRc_10.wav,cat,3,False
data\audio\AudioSet\clips\cat\7MXamVgKszI_30.wav,cat,3,False
data\audio\AudioSet\clips\cat\5F7MMaPJqMc_0.wav,cat,3,False
data\audio\AudioSet\clips\cat\BYdB-oFZUZM_10.wav,cat,3,False
data\audio\AudioSet\clips\cat\2Cu_AdrrMks_30.wav,cat,3,False
data\audio\AudioSet\clips\cat\Fup02r6oh-8_30.wav,cat,3,False
data\audio\AudioSet\clips\cat\86p6UVFIcFI_30.wav,cat,3,False
data\audio\AudioSet\clips\cat\dR4uLl-pi2A_17.wav,cat,3,False
data\audio\AudioSet\clips\cat\HJFlxLJSX8E_30.wav,cat,3,False
data\audio\AudioSet\clips\cat\0pJwADdUrRo_30.wav,cat,3,False
data\audio\AudioSet\clips\cat\39IZIbmQPzA_40.wav,cat,3,False
data\audio\AudioSet\clips\cat\0f2A-lZYAnw_30.wav,cat,3,False
data\audio\AudioSet\clips\cat\6se-2qAjyO4_40.wav,cat,3,False
data\audio\AudioSet\clips\cat\1G3TdBrW7ys_30.wav,cat,3,False
data\audio\AudioSet\clips\cat\2HlCRjjDhIA_20.wav,cat,3,False
data\audio\AudioSet\clips\cat\NjazulpHxNY_20.wav,cat,3,False
data\audio\AudioSet\clips\cat\4MZrJBy7i-I_10.wav,cat,3,False
data\audio\AudioSet\clips\cat\w74S086g_q0_40.wav,cat,3,False
data\audio\AudioSet\clips\cat\0h6dpegN0f4_30.wav,cat,3,False
data\audio\AudioSet\clips\cat\7iyRkyHjsTE_30.wav,cat,3,False
data\audio\AudioSet\clips\cat\0NyrNJAXrIo_30.wav,cat,3,False
data\audio\AudioSet\clips\cat\-ZJqu_4zLMc_30.wav,cat,3,False
data\audio\AudioSet\clips\cat\-vZ-_4oFCzs_17.wav,cat,3,False
data\audio\AudioSet\clips\cat\o7jBSQRJzuQ_30.wav,cat,3,False
data\audio\AudioSet\clips\cat\7fAxjx6m_Ak_10.wav,cat,3,False
data\audio\AudioSet\clips\cat\PFCtfHCJ5Ug_30.wav,cat,3,False
data\audio\AudioSet\clips\cat\5wjiU7kz9rM_30.wav,cat,3,False
data\audio\AudioSet\clips\cat\5B7j5DIqBJA_30.wav,cat,3,False
data\audio\AudioSet\clips\cat\Svpu2VIggu8_20.wav,cat,3,False
data\audio\AudioSet\clips\cat\2gvw16YDwMA_30.wav,cat,3,False
data\audio\AudioSet\clips\cat\QBjKntYuUIk_30.wav,cat,3,False
data\audio\AudioSet\clips\cat\L6dzsJXYPGI_220.wav,cat,3,False
data\audio\AudioSet\clips\cat\SY9Qr44WBgs_30.wav,cat,3,False
data\audio\AudioSet\clips\cat\VtBEfo3W1JY_30.wav,cat,3,False
data\audio\AudioSet\clips\cat\-efgThyiXWI_25.wav,cat,3,False
data\audio\AudioSet\clips\cat\crUcuDJKePU_26.wav,cat,3,False
data\audio\AudioSet\clips\cat\MF88IYF2MHY_0.wav,cat,3,False
data\audio\AudioSet\clips\cat\6u14wxqIlZ4_30.wav,cat,3,False
data\audio\AudioSet\clips\cat\niJg7Q1XLyU_50.wav,cat,3,False
data\audio\AudioSet\clips\cat\3hqBv_pF_dw_30.wav,cat,3,False
data\audio\AudioSet\clips\cat\1lBl4WXrFxE_30.wav,cat,3,False
data\audio\AudioSet\clips\cat\qlYhPNw7OiU_30.wav,cat,3,False
data\audio\AudioSet\clips\cat\8JgqLELdUkY_30.wav,cat,3,False
data\audio\AudioSet\clips\cat\BGkXV9_wf9g_30.wav,cat,3,False
data\audio\AudioSet\clips\cat\Ar5r0pzgaRU_30.wav,cat,3,False
data\audio\AudioSet\clips\cat\2REf8hLLYMw_30.wav,cat,3,False
data\audio\AudioSet\clips\cat\jF_iSssgFr0_10.wav,cat,3,False
data\audio\AudioSet\clips\cat\18HRNQyo9mg_25.wav,cat,3,False
data\audio\AudioSet\clips\cat\JqRCZKXNXwY_30.wav,cat,3,False
data\audio\AudioSet\clips\cat\OX5NXg4JMVs_10.wav,cat,3,False
data\audio\AudioSet\clips\cat\b9MBTI2EBhU_30.wav,cat,3,False
data\audio\AudioSet\clips\cat\-zCtwbk005g_30.wav,cat,3,False
data\audio\AudioSet\clips\cat\6psjy93yoTA_30.wav,cat,3,False
data\audio\AudioSet\clips\cat\BLlnu2Tyqu0_30.wav,cat,3,False
data\audio\AudioSet\clips\cat\-r1H8hBeYmw_21.wav,cat,3,False
data\audio\AudioSet\clips\cat\29x5I94EBMQ_0.wav,cat,3,False
data\audio\AudioSet\clips\cat\Rr84-EZvO0U_90.wav,cat,3,False
data\audio\AudioSet\clips\cat\R3_Gqgl-NYE_50.wav,cat,3,False
data\audio\AudioSet\clips\cat\2tXE7snh6Ak_30.wav,cat,3,False
data\audio\AudioSet\clips\cat\33_enN0Bsfs_440.wav,cat,3,False
data\audio\AudioSet\clips\cat\-j3aoa1bEyA_9.wav,cat,3,False
data\audio\AudioSet\clips\cat\PrcZfyxcmwo_30.wav,cat,3,False
data\audio\AudioSet\clips\cat\2I0ns0crmrA_6.wav,cat,3,False
data\audio\AudioSet\clips\cat\6Kn4bXCPvaA_30.wav,cat,3,False
data\audio\AudioSet\clips\cat\HrvdzCGjbzw_30.wav,cat,3,False
data\audio\AudioSet\clips\cat\6UY-HKyolKk_30.wav,cat,3,False
data\audio\AudioSet\clips\cat\-ysNtKG8FlU_30.wav,cat,3,False
data\audio\AudioSet\clips\cat\uy-U2xwM2WY_30.wav,cat,3,False
data\audio\AudioSet\clips\cat\I1GC1yWdM_c_30.wav,cat,3,False
data\audio\AudioSet\clips\cat\-6x2PtSRfJU_30.wav,cat,3,False
data\audio\AudioSet\clips\cat\LyIhmCTPLUc_30.wav,cat,3,False
data\audio\AudioSet\clips\cat\VFxUtvYFRJg_30.wav,cat,3,False
data\audio\AudioSet\clips\cat\6FUmapkqPn0_80.wav,cat,3,False
data\audio\AudioSet\clips\cat\3HaqTs1_Exg_30.wav,cat,3,False
data\audio\AudioSet\clips\cat\_WLSxaduG4Q_30.wav,cat,3,False
data\audio\AudioSet\clips\cat\2ABMFZVQ9jI_570.wav,cat,3,False
data\audio\AudioSet\clips\cat\30UUl_YYwpk_30.wav,cat,3,False
data\audio\AudioSet\clips\cat\je4kHkKWAIE_30.wav,cat,3,False
data\audio\AudioSet\clips\cat\1HPYHsdLYCQ_28.wav,cat,3,False
data\audio\AudioSet\clips\cat\1bOukvpECmU_30.wav,cat,3,False
data\audio\AudioSet\clips\cat\LHY9L1MjQvQ_30.wav,cat,3,False
data\audio\AudioSet\clips\cat\82EHZ4_pTps_30.wav,cat,3,False
data\audio\AudioSet\clips\cat\7N2q1XkFuqY_21.wav,cat,3,False
data\audio\AudioSet\clips\cat\8gyY5kN5IjA_30.wav,cat,3,False
data\audio\AudioSet\clips\cat\2yX9079mMB4_3.wav,cat,3,False
data\audio\AudioSet\clips\cat\AmDDp-cCo24_0.wav,cat,3,False
data\audio\AudioSet\clips\cat\8ws1ligErwo_0.wav,cat,3,False
data\audio\AudioSet\clips\cat\hMfG7Or1XSw_30.wav,cat,3,False
data\audio\AudioSet\clips\cat\XZhLMTOmM9w_30.wav,cat,3,False
data\audio\AudioSet\clips\cat\poz8FFcAmNY_0.wav,cat,3,False
data\audio\AudioSet\clips\cat\3rmsgqvn-7g_10.wav,cat,3,False
data\audio\AudioSet\clips\cat\mGD6gamyX5A_0.wav,cat,3,False
data\audio\AudioSet\clips\cat\63Qy15I3QGE_30.wav,cat,3,False
data\audio\AudioSet\clips\cat\7CRVoUCXg_A_30.wav,cat,3,False
data\audio\AudioSet\clips\cat\2IEoe3YvCJo_20.wav,cat,3,False
data\audio\AudioSet\clips\cat\IcDsqSC5Z-c_130.wav,cat,3,False
data\audio\AudioSet\clips\cat\LPvJFjsxMj8_30.wav,cat,3,False
data\audio\AudioSet\clips\cat\OV8eysG8KEk_1.wav,cat,3,False
data\audio\AudioSet\clips\cat\6c-5b9sj35o_30.wav,cat,3,False
data\audio\AudioSet\clips\dog\7m6w6NH5RaY_30.wav,dog,5,False
data\audio\AudioSet\clips\dog\9qtSLOFY1Aw_40.wav,dog,5,False
data\audio\AudioSet\clips\dog\5lNTPOv9fSE_510.wav,dog,5,False
data\audio\AudioSet\clips\dog\3T9vSTxmwD0_11.wav,dog,5,False
data\audio\AudioSet\clips\dog\7FI6nCbX89k_150.wav,dog,5,False
data\audio\AudioSet\clips\dog\1HPYHsdLYCQ_28.wav,dog,5,False
data\audio\AudioSet\clips\dog\82EHZ4_pTps_30.wav,dog,5,False
data\audio\AudioSet\clips\dog\5UxAuX_DV_Y_30.wav,dog,5,False
data\audio\AudioSet\clips\dog\7WoFyN1R-1g_12.wav,dog,5,False
data\audio\AudioSet\clips\dog\9xDuJoee3bU_30.wav,dog,5,False
data\audio\AudioSet\clips\dog\0jFN112eGVQ_21.wav,dog,5,False
data\audio\AudioSet\clips\dog\2qJ-efHMACE_30.wav,dog,5,False
data\audio\AudioSet\clips\dog\06OT6nqAuLM_50.wav,dog,5,False
data\audio\AudioSet\clips\dog\4TgW0mtugns_30.wav,dog,5,False
data\audio\AudioSet\clips\dog\0rhb_K228gA_30.wav,dog,5,False
data\audio\AudioSet\clips\dog\1NYANpd5Grs_160.wav,dog,5,False
data\audio\AudioSet\clips\dog\FjiCMXDhUas_0.wav,dog,5,False
data\audio\AudioSet\clips\dog\3N5JLFOKk6Y_30.wav,dog,5,False
data\audio\AudioSet\clips\dog\KsT1OSUHFUY_30.wav,dog,5,False
data\audio\AudioSet\clips\dog\0_utuoBWKmo_17.wav,dog,5,False
data\audio\AudioSet\clips\dog\5KWTAq3GkfA_6.wav,dog,5,False
data\audio\AudioSet\clips\dog\0h6dpegN0f4_30.wav,dog,5,False
data\audio\AudioSet\clips\dog\-vUMGKGmNKE_50.wav,dog,5,False
data\audio\AudioSet\clips\dog\-Ry1YNVPPCM_9.wav,dog,5,False
data\audio\AudioSet\clips\dog\FTYgwHJUkaY_10.wav,dog,5,False
data\audio\AudioSet\clips\dog\5F7MMaPJqMc_0.wav,dog,5,False
data\audio\AudioSet\clips\dog\G5D054W3VDE_20.wav,dog,5,False
data\audio\AudioSet\clips\dog\4aI4kyReP-g_40.wav,dog,5,False
data\audio\AudioSet\clips\dog\3rmsgqvn-7g_10.wav,dog,5,False
data\audio\AudioSet\clips\dog\Hhs4ibVBwNI_10.wav,dog,5,False
data\audio\AudioSet\clips\dog\1lBl4WXrFxE_30.wav,dog,5,False
data\audio\AudioSet\clips\dog\GHDi-lffJvo_0.wav,dog,5,False
data\audio\AudioSet\clips\dog\DIc3zDgrbZg_50.wav,dog,5,False
data\audio\AudioSet\clips\dog\HJFlxLJSX8E_30.wav,dog,5,False
data\audio\AudioSet\clips\dog\Ki7Xvd2_hxY_30.wav,dog,5,False
data\audio\AudioSet\clips\dog\-efgThyiXWI_25.wav,dog,5,False
data\audio\AudioSet\clips\dog\7iyRkyHjsTE_30.wav,dog,5,False
data\audio\AudioSet\clips\dog\DXUmi-gSRww_10.wav,dog,5,False
data\audio\AudioSet\clips\dog\4ZuwIgGNVfA_18.wav,dog,5,False
data\audio\AudioSet\clips\dog\FeRaDiSPb2c_17.wav,dog,5,False
data\audio\AudioSet\clips\dog\33_enN0Bsfs_440.wav,dog,5,False
data\audio\AudioSet\clips\dog\1eI2-vhs0YY_21.wav,dog,5,False
data\audio\AudioSet\clips\dog\Glc6Ekc67OE_30.wav,dog,5,False
data\audio\AudioSet\clips\dog\64K4SlYR3BU_70.wav,dog,5,False
data\audio\AudioSet\clips\dog\7F01MogWvhQ_30.wav,dog,5,False
data\audio\AudioSet\clips\dog\78KjO5EH6dk_190.wav,dog,5,False
data\audio\AudioSet\clips\dog\2HlCRjjDhIA_20.wav,dog,5,False
data\audio\AudioSet\clips\dog\CU1euq2Zl5E_520.wav,dog,5,False
data\audio\AudioSet\clips\dog\0pJwADdUrRo_30.wav,dog,5,False
data\audio\AudioSet\clips\dog\CxNgd-mdl1A_30.wav,dog,5,False
data\audio\AudioSet\clips\dog\Fw09tDLa-78_0.wav,dog,5,False
data\audio\AudioSet\clips\dog\7DFJpPvm36g_30.wav,dog,5,False
data\audio\AudioSet\clips\dog\-urYwYLrcMA_30.wav,dog,5,False
data\audio\AudioSet\clips\dog\4sFGGOVcvM8_20.wav,dog,5,False
data\audio\AudioSet\clips\dog\7fAxjx6m_Ak_10.wav,dog,5,False
data\audio\AudioSet\clips\dog\-qGd1JwYLbQ_30.wav,dog,5,False
data\audio\AudioSet\clips\dog\1f7lBXwf2rk_100.wav,dog,5,False
data\audio\AudioSet\clips\dog\HhLTkiuXDwQ_360.wav,dog,5,False
data\audio\AudioSet\clips\dog\GTkKAZSc9gY_40.wav,dog,5,False
data\audio\AudioSet\clips\dog\2JEeD3O0NnM_30.wav,dog,5,False
data\audio\AudioSet\clips\dog\2p7QjnOHpUI_30.wav,dog,5,False
data\audio\AudioSet\clips\dog\-j3aoa1bEyA_9.wav,dog,5,False
data\audio\AudioSet\clips\dog\GgMt9e2SsX4_28.wav,dog,5,False
data\audio\AudioSet\clips\dog\1PxKjFulkLs_30.wav,dog,5,False
data\audio\AudioSet\clips\dog\4RXmFXA3QhM_30.wav,dog,5,False
data\audio\AudioSet\clips\dog\BiMI6fs8S6w_250.wav,dog,5,False
data\audio\AudioSet\clips\dog\58yb7qX_pv8_30.wav,dog,5,False
data\audio\AudioSet\clips\dog\-skhG36uWM0_20.wav,dog,5,False
data\audio\AudioSet\clips\dog\JO_G1plPrao_40.wav,dog,5,False
data\audio\AudioSet\clips\dog\BXfY7CSGd0Y_0.wav,dog,5,False
data\audio\AudioSet\clips\dog\-6x2PtSRfJU_30.wav,dog,5,False
data\audio\AudioSet\clips\dog\Dq29NSr8wDA_40.wav,dog,5,False
data\audio\AudioSet\clips\dog\JqRCZKXNXwY_30.wav,dog,5,False
data\audio\AudioSet\clips\dog\4PYNzqXudtk_30.wav,dog,5,False
data\audio\AudioSet\clips\dog\30UUl_YYwpk_30.wav,dog,5,False
data\audio\AudioSet\clips\dog\6qtqDXeovbA_60.wav,dog,5,False
data\audio\AudioSet\clips\dog\1G3TdBrW7ys_30.wav,dog,5,False
data\audio\AudioSet\clips\dog\2oKQdQyXFO0_180.wav,dog,5,False
data\audio\AudioSet\clips\dog\CCdCRvQzf_c_30.wav,dog,5,False
data\audio\AudioSet\clips\dog\0SEHGxAQL18_30.wav,dog,5,False
data\audio\AudioSet\clips\dog\0qbp0OtOvl4_30.wav,dog,5,False
data\audio\AudioSet\clips\dog\DOOUC0UPOKA_50.wav,dog,5,False
data\audio\AudioSet\clips\dog\5tOj-p8ANmM_0.wav,dog,5,False
data\audio\AudioSet\clips\dog\5nBcyKL05Ok_30.wav,dog,5,False
data\audio\AudioSet\clips\dog\62oVSUMNL7c_20.wav,dog,5,False
data\audio\AudioSet\clips\dog\2mJbGx5D-zA_150.wav,dog,5,False
data\audio\AudioSet\clips\dog\6z3eDM1VvfI_25.wav,dog,5,False
data\audio\AudioSet\clips\dog\6c-5b9sj35o_30.wav,dog,5,False
data\audio\AudioSet\clips\dog\BGkXV9_wf9g_30.wav,dog,5,False
data\audio\AudioSet\clips\dog\L6dzsJXYPGI_220.wav,dog,5,False
data\audio\AudioSet\clips\dog\GamZltmhYuc_60.wav,dog,5,False
data\audio\AudioSet\clips\dog\3e_3yFdH-Ck_30.wav,dog,5,False
data\audio\AudioSet\clips\dog\E0EUGWxAKUY_50.wav,dog,5,False
data\audio\AudioSet\clips\dog\4LcMAREn89c_0.wav,dog,5,False
data\audio\AudioSet\clips\dog\5bjiFUed8gw_30.wav,dog,5,False
data\audio\AudioSet\clips\dog\29x5I94EBMQ_0.wav,dog,5,False
data\audio\AudioSet\clips\dog\BYdB-oFZUZM_10.wav,dog,5,False
data\audio\AudioSet\clips\dog\DOtBB70Jgu4_60.wav,dog,5,False
data\audio\AudioSet\clips\dog\FuTiynEpLpE_80.wav,dog,5,False
data\audio\AudioSet\clips\dog\4mwIp7OTQpw_140.wav,dog,5,False
data\audio\AudioSet\clips\frog\gqf4xmzoQ4w_30.wav,frog,6,False
data\audio\AudioSet\clips\frog\C1Ua4UFsmzE_30.wav,frog,6,False
data\audio\AudioSet\clips\frog\On2aeIUKoNY_30.wav,frog,6,False
data\audio\AudioSet\clips\frog\ThNxBNCE-As_40.wav,frog,6,False
data\audio\AudioSet\clips\frog\-JzMCtGCh4o_0.wav,frog,6,False
data\audio\AudioSet\clips\frog\E0AacWfbeRE_30.wav,frog,6,False
data\audio\AudioSet\clips\frog\gn8d-uO2Lwc_440.wav,frog,6,False
data\audio\AudioSet\clips\frog\rctt0dhCHxs_16.wav,frog,6,False
data\audio\AudioSet\clips\frog\7GvM1ZhcbdY_10.wav,frog,6,False
data\audio\AudioSet\clips\frog\I5W0Nnn1zFk_30.wav,frog,6,False
data\audio\AudioSet\clips\frog\XKFk3hHAOf4_30.wav,frog,6,False
data\audio\AudioSet\clips\frog\gbLRKnqxToE_20.wav,frog,6,False
data\audio\AudioSet\clips\frog\yyX02iD8ov4_40.wav,frog,6,False
data\audio\AudioSet\clips\frog\q8Gkn9hvejY_0.wav,frog,6,False
data\audio\AudioSet\clips\frog\8HQE8pC-OjU_9.wav,frog,6,False
data\audio\AudioSet\clips\frog\1bIH_Qh_clk_30.wav,frog,6,False
data\audio\AudioSet\clips\frog\aKncHNorvhQ_30.wav,frog,6,False
data\audio\AudioSet\clips\frog\ErOQx6MhANI_30.wav,frog,6,False
data\audio\AudioSet\clips\frog\kg0bFnLy9wY_0.wav,frog,6,False
data\audio\AudioSet\clips\frog\r0Sy4gFuayM_11.wav,frog,6,False
data\audio\AudioSet\clips\frog\9NYsJxa4wjA_40.wav,frog,6,False
data\audio\AudioSet\clips\frog\RHYFS7Fvy34_29.wav,frog,6,False
data\audio\AudioSet\clips\frog\W3wUmtCnC4k_30.wav,frog,6,False
data\audio\AudioSet\clips\frog\feaWVXoRz34_21.wav,frog,6,False
data\audio\AudioSet\clips\frog\FqZR5xJFOtI_120.wav,frog,6,False
data\audio\AudioSet\clips\frog\8HbSCdmDTbk_0.wav,frog,6,False
data\audio\AudioSet\clips\frog\r5xe8ttPUXY_0.wav,frog,6,False
data\audio\AudioSet\clips\frog\rklUVQ2rMnE_30.wav,frog,6,False
data\audio\AudioSet\clips\frog\FEONPM3mckU_90.wav,frog,6,False
data\audio\AudioSet\clips\frog\VkYB3Fw4bLw_30.wav,frog,6,False
data\audio\AudioSet\clips\frog\5S-RAgudnww_7.wav,frog,6,False
data\audio\AudioSet\clips\frog\RP5mput8V9A_0.wav,frog,6,False
data\audio\AudioSet\clips\frog\20eBcFsFL0w_30.wav,frog,6,False
data\audio\AudioSet\clips\frog\H6XSxmkHNxA_30.wav,frog,6,False
data\audio\AudioSet\clips\frog\Iz2DIRooIqo_21.wav,frog,6,False
data\audio\AudioSet\clips\frog\_PZZCdKz9lU_30.wav,frog,6,False
data\audio\AudioSet\clips\frog\IgVdF1Igzis_110.wav,frog,6,False
data\audio\AudioSet\clips\frog\FYTW9jea5XQ_0.wav,frog,6,False
data\audio\AudioSet\clips\frog\2KgX6IvEVrc_410.wav,frog,6,False
data\audio\AudioSet\clips\frog\WFddq_Zec3M_40.wav,frog,6,False
data\audio\AudioSet\clips\frog\e0ILAZZKAO8_6.wav,frog,6,False
data\audio\AudioSet\clips\frog\alMl2-3KfV8_0.wav,frog,6,False
data\audio\AudioSet\clips\frog\V-DJ66llJgM_40.wav,frog,6,False
data\audio\AudioSet\clips\frog\dZEigzNRtB0_30.wav,frog,6,False
data\audio\AudioSet\clips\frog\NcIt4xNctkA_50.wav,frog,6,False
data\audio\AudioSet\clips\frog\93X6stMF9xU_30.wav,frog,6,False
data\audio\AudioSet\clips\frog\CFBgUNsgvqE_30.wav,frog,6,False
data\audio\AudioSet\clips\frog\0onKcFY1Tu0_2.wav,frog,6,False
data\audio\AudioSet\clips\frog\A4YYd14IWsk_30.wav,frog,6,False
data\audio\AudioSet\clips\frog\gjuJGlGDrtw_80.wav,frog,6,False
data\audio\AudioSet\clips\frog\360wgsaWldo_20.wav,frog,6,False
data\audio\AudioSet\clips\frog\TiZXWRhsMX8_30.wav,frog,6,False
data\audio\AudioSet\clips\frog\20zrQVQtQ2Q_30.wav,frog,6,False
data\audio\AudioSet\clips\frog\YuyNjGeVUEc_0.wav,frog,6,False
data\audio\AudioSet\clips\frog\GeMDMN3l6xo_3.wav,frog,6,False
data\audio\AudioSet\clips\frog\yqDqtGj-_Tg_30.wav,frog,6,False
data\audio\AudioSet\clips\frog\oWYHKdf6N0E_10.wav,frog,6,False
data\audio\AudioSet\clips\frog\ZzK728trMw8_21.wav,frog,6,False
data\audio\AudioSet\clips\frog\nEdhQklTxd0_30.wav,frog,6,False
data\audio\AudioSet\clips\frog\hzLRtkOxpyw_30.wav,frog,6,False
data\audio\AudioSet\clips\frog\LpswiH_Vkes_21.wav,frog,6,False
data\audio\AudioSet\clips\frog\uQftxHA7JeI_30.wav,frog,6,False
data\audio\AudioSet\clips\frog\iX71wBMIn5k_380.wav,frog,6,False
data\audio\AudioSet\clips\frog\QR0yjU4K2GM_30.wav,frog,6,False
data\audio\AudioSet\clips\frog\q6meFp5fTd8_30.wav,frog,6,False
data\audio\AudioSet\clips\frog\ZX9uODHi0zg_20.wav,frog,6,False
data\audio\AudioSet\clips\frog\xkUQshzp-3I_10.wav,frog,6,False
data\audio\AudioSet\clips\frog\GSXPxuQ6CXw_0.wav,frog,6,False
data\audio\AudioSet\clips\frog\pwKHEMzqG00_20.wav,frog,6,False
data\audio\AudioSet\clips\frog\KcjSOd4R7VY_21.wav,frog,6,False
data\audio\AudioSet\clips\frog\wh7-5G4cBEo_30.wav,frog,6,False
data\audio\AudioSet\clips\frog\PuM-zRqfQm4_28.wav,frog,6,False
data\audio\AudioSet\clips\frog\FGPx2E089VU_19.wav,frog,6,False
data\audio\AudioSet\clips\frog\YuhWWfpv3DM_0.wav,frog,6,False
data\audio\AudioSet\clips\frog\pyBhc-ygmuw_30.wav,frog,6,False
data\audio\AudioSet\clips\frog\QfkpNf93T-Y_30.wav,frog,6,False
data\audio\AudioSet\clips\frog\wBlAiJg6ye8_10.wav,frog,6,False
data\audio\AudioSet\clips\frog\GI1YUTNZxMM_21.wav,frog,6,False
data\audio\AudioSet\clips\frog\eW1_7NRmh6I_150.wav,frog,6,False
data\audio\AudioSet\clips\frog\09TC9Yj7SHM_30.wav,frog,6,False
data\audio\AudioSet\clips\frog\MW9rpgetBP0_0.wav,frog,6,False
data\audio\AudioSet\clips\frog\BJIjBi5qwDQ_190.wav,frog,6,False
data\audio\AudioSet\clips\frog\0N3-lCzOQPI_0.wav,frog,6,False
data\audio\AudioSet\clips\frog\C1wvmtqaQmc_210.wav,frog,6,False
data\audio\AudioSet\clips\frog\YkL2X7wkTm8_10.wav,frog,6,False
data\audio\AudioSet\clips\frog\twOKVLUzZLQ_0.wav,frog,6,False
data\audio\AudioSet\clips\frog\yp3C4sIjYi0_290.wav,frog,6,False
data\audio\AudioSet\clips\frog\WkavReH4LE0_20.wav,frog,6,False
data\audio\AudioSet\clips\frog\BCVE9BA7wyw_30.wav,frog,6,False
data\audio\AudioSet\clips\frog\q0rPv84gJ0g_230.wav,frog,6,False
data\audio\AudioSet\clips\frog\sdpIhk0GV9s_0.wav,frog,6,False
data\audio\AudioSet\clips\frog\9npXuzkn0iE_30.wav,frog,6,False
data\audio\AudioSet\clips\frog\Meshocn2mZQ_30.wav,frog,6,False
data\audio\AudioSet\clips\horse\3s5FHwyhF-w_70.wav,horse,7,False
data\audio\AudioSet\clips\horse\AoUn8I-RtRk_30.wav,horse,7,False
data\audio\AudioSet\clips\horse\9BIA1d9MOlA_30.wav,horse,7,False
data\audio\AudioSet\clips\horse\hEWlxtiO6Sw_150.wav,horse,7,False
data\audio\AudioSet\clips\horse\CRlC9US2Vgs_30.wav,horse,7,False
data\audio\AudioSet\clips\horse\K4fk9S5UxJc_26.wav,horse,7,False
data\audio\AudioSet\clips\horse\d6My4xJwPgQ_20.wav,horse,7,False
data\audio\AudioSet\clips\horse\YuzaUpylBiI_30.wav,horse,7,False
data\audio\AudioSet\clips\horse\KHdiD8unGsg_30.wav,horse,7,False
data\audio\AudioSet\clips\horse\11p3k7duyKc_30.wav,horse,7,False
data\audio\AudioSet\clips\horse\7W08vmriHkA_30.wav,horse,7,False
data\audio\AudioSet\clips\horse\Qy6DeQnCHuU_30.wav,horse,7,False
data\audio\AudioSet\clips\horse\BFU4nurvCAw_30.wav,horse,7,False
data\audio\AudioSet\clips\horse\LaiJ0mPbbdk_16.wav,horse,7,False
data\audio\AudioSet\clips\horse\4HSkwF586ro_6.wav,horse,7,False
data\audio\AudioSet\clips\horse\hHQZepALpHQ_60.wav,horse,7,False
data\audio\AudioSet\clips\horse\2b0eM8lWGCQ_30.wav,horse,7,False
data\audio\AudioSet\clips\horse\lRyNx9_7NIM_110.wav,horse,7,False
data\audio\AudioSet\clips\horse\2BNSDDwGxM8_30.wav,horse,7,False
data\audio\AudioSet\clips\horse\OYWhhc1k8sI_30.wav,horse,7,False
data\audio\AudioSet\clips\horse\BzXMUYd-v9k_30.wav,horse,7,False
data\audio\AudioSet\clips\horse\HhUYxDk7_98_18.wav,horse,7,False
data\audio\AudioSet\clips\horse\-0jeONf82dE_21.wav,horse,7,False
data\audio\AudioSet\clips\horse\7PxNzIkuptI_330.wav,horse,7,False
data\audio\AudioSet\clips\horse\8d3WbkLC7Gw_30.wav,horse,7,False
data\audio\AudioSet\clips\horse\Fdmeo7qIDI0_490.wav,horse,7,False
data\audio\AudioSet\clips\horse\2j8hxco6pBk_30.wav,horse,7,False
data\audio\AudioSet\clips\horse\6zKhO6NCchE_30.wav,horse,7,False
data\audio\AudioSet\clips\horse\BhmoxAi9l84_30.wav,horse,7,False
data\audio\AudioSet\clips\horse\MUC3GjvBI7I_30.wav,horse,7,False
data\audio\AudioSet\clips\horse\JqfJ5xfAMbE_30.wav,horse,7,False
data\audio\AudioSet\clips\horse\GafN7X_ifI0_30.wav,horse,7,False
data\audio\AudioSet\clips\horse\EyAkVnhBJuU_30.wav,horse,7,False
data\audio\AudioSet\clips\horse\2pikqXJeOAg_30.wav,horse,7,False
data\audio\AudioSet\clips\horse\O7SINEL58Ms_30.wav,horse,7,False
data\audio\AudioSet\clips\horse\5mHtxFuikDs_0.wav,horse,7,False
data\audio\AudioSet\clips\horse\ag4qUrpH9qo_50.wav,horse,7,False
data\audio\AudioSet\clips\horse\hMsu6w5Ay44_30.wav,horse,7,False
data\audio\AudioSet\clips\horse\IKqjoWAn5eU_30.wav,horse,7,False
data\audio\AudioSet\clips\horse\8_2zsOKcxK0_23.wav,horse,7,False
data\audio\AudioSet\clips\horse\KLtjVuXOBQk_52.wav,horse,7,False
data\audio\AudioSet\clips\horse\D0-wedP8APM_30.wav,horse,7,False
data\audio\AudioSet\clips\horse\1xTvYIgPwm4_26.wav,horse,7,False
data\audio\AudioSet\clips\horse\8mhecLr6Veo_27.wav,horse,7,False
data\audio\AudioSet\clips\horse\EIo9yMo1bzc_18.wav,horse,7,False
data\audio\AudioSet\clips\horse\7hDS0w1VZQ8_21.wav,horse,7,False
data\audio\AudioSet\clips\horse\uZ1HeW4bIxo_0.wav,horse,7,False
data\audio\AudioSet\clips\horse\7wfM1zUa_zo_30.wav,horse,7,False
data\audio\AudioSet\clips\horse\FBVbrp2Br2E_70.wav,horse,7,False
data\audio\AudioSet\clips\horse\xaVyr2v9G2c_30.wav,horse,7,False
data\audio\AudioSet\clips\horse\126AbihZt28_9.wav,horse,7,False
data\audio\AudioSet\clips\horse\f-DZlg2DFWE_0.wav,horse,7,False
data\audio\AudioSet\clips\horse\Flusa6-SaDM_90.wav,horse,7,False
data\audio\AudioSet\clips\horse\AATdlGzJZNw_30.wav,horse,7,False
data\audio\AudioSet\clips\horse\Cbs3oYxw2u0_30.wav,horse,7,False
data\audio\AudioSet\clips\horse\8YSDo1wTo3M_28.wav,horse,7,False
data\audio\AudioSet\clips\horse\2XK3vXa-wgw_30.wav,horse,7,False
data\audio\AudioSet\clips\horse\fdt3_-KXOhE_330.wav,horse,7,False
data\audio\AudioSet\clips\horse\8TVOesBBLPg_23.wav,horse,7,False
data\audio\AudioSet\clips\horse\qxMTR2wU9F0_170.wav,horse,7,False
data\audio\AudioSet\clips\horse\1jyBARHxmlc_160.wav,horse,7,False
data\audio\AudioSet\clips\horse\SmylrxjLU70_0.wav,horse,7,False
data\audio\AudioSet\clips\horse\B1lSqZqY-Y0_13.wav,horse,7,False
data\audio\AudioSet\clips\horse\KzhxH7ZecYg_20.wav,horse,7,False
data\audio\AudioSet\clips\horse\FhaYvI1yrUM_21.wav,horse,7,False
data\audio\AudioSet\clips\horse\LJbM0DMRM4Q_0.wav,horse,7,False
data\audio\AudioSet\clips\horse\MCNQ-ELFo54_13.wav,horse,7,False
data\audio\AudioSet\clips\horse\1tt5hIKEBYo_21.wav,horse,7,False
data\audio\AudioSet\clips\horse\2KK9MldzvzE_20.wav,horse,7,False
data\audio\AudioSet\clips\horse\NhgdXiorn1c_10.wav,horse,7,False
data\audio\AudioSet\clips\horse\0vSmiq7CrCk_16.wav,horse,7,False
data\audio\AudioSet\clips\horse\3GbIhQLCH9I_16.wav,horse,7,False
data\audio\AudioSet\clips\horse\_xdYMgoI2rY_30.wav,horse,7,False
data\audio\AudioSet\clips\horse\FXLcbrD6nsQ_30.wav,horse,7,False
data\audio\AudioSet\clips\horse\LeKSh68pvMQ_30.wav,horse,7,False
data\audio\AudioSet\clips\horse\1EqtrXZjiJY_7.wav,horse,7,False
data\audio\AudioSet\clips\horse\HjFNMdHxqoA_9.wav,horse,7,False
data\audio\AudioSet\clips\horse\Mtkhv22SoZ8_30.wav,horse,7,False
data\audio\AudioSet\clips\horse\Njo2AtZc86M_30.wav,horse,7,False
data\audio\AudioSet\clips\horse\CuXKDSAsJHU_300.wav,horse,7,False
data\audio\AudioSet\clips\horse\CJ0GlFahVck_30.wav,horse,7,False
data\audio\AudioSet\clips\horse\HxrZDr0Vm5A_30.wav,horse,7,False
data\audio\AudioSet\clips\horse\BYCS5mUdVUg_80.wav,horse,7,False
data\audio\AudioSet\clips\horse\Ib6wI_Mag9M_30.wav,horse,7,False
data\audio\AudioSet\clips\horse\EAcXF1obMmw_30.wav,horse,7,False
data\audio\AudioSet\clips\horse\X4IlOyuiXfM_490.wav,horse,7,False
data\audio\AudioSet\clips\horse\HIDb-C5YRa4_10.wav,horse,7,False
data\audio\AudioSet\clips\horse\LEVQWN3Q32Y_30.wav,horse,7,False
data\audio\AudioSet\clips\horse\ALNk7_3zj68_30.wav,horse,7,False
data\audio\AudioSet\clips\horse\DegSrwcSF3k_30.wav,horse,7,False
data\audio\AudioSet\clips\horse\Juex-zs5Luk_30.wav,horse,7,False
data\audio\AudioSet\clips\horse\CaYNuuW9rt4_11.wav,horse,7,False
data\audio\AudioSet\clips\horse\J_ZRXchuwNA_30.wav,horse,7,False
data\audio\AudioSet\clips\horse\WY9C9lG955k_30.wav,horse,7,False
data\audio\AudioSet\clips\horse\DCBOS2UWKAA_30.wav,horse,7,False
data\audio\AudioSet\clips\horse\GvRM_UnjJoE_30.wav,horse,7,False
data\audio\AudioSet\clips\horse\8iHywI5rtQQ_10.wav,horse,7,False
data\audio\AudioSet\clips\horse\RoYij4guSkE_30.wav,horse,7,False
data\audio\AudioSet\clips\horse\DjkResItPAc_30.wav,horse,7,False
data\audio\AudioSet\clips\horse\ER1c1h89GjA_30.wav,horse,7,False
data\audio\AudioSet\clips\ship\4PPBsnmS1fY_30.wav,ship,8,False
data\audio\AudioSet\clips\ship\AeWRWWba3z4_30.wav,ship,8,False
data\audio\AudioSet\clips\ship\PQch5VojZVA_4.wav,ship,8,False
data\audio\AudioSet\clips\ship\9EzV2FqY2y8_110.wav,ship,8,False
data\audio\AudioSet\clips\ship\cwunY0NgTi4_20.wav,ship,8,False
data\audio\AudioSet\clips\ship\49XGcP0ztSE_30.wav,ship,8,False
data\audio\AudioSet\clips\ship\KJB3uyw4C48_30.wav,ship,8,False
data\audio\AudioSet\clips\ship\YyZkOm4Q9Is_30.wav,ship,8,False
data\audio\AudioSet\clips\ship\ISUgb6HjLbI_30.wav,ship,8,False
data\audio\AudioSet\clips\ship\Q6HbpMxB_fg_30.wav,ship,8,False
data\audio\AudioSet\clips\ship\6qi1KV9MoO0_110.wav,ship,8,False
data\audio\AudioSet\clips\ship\S84hwHc_Duk_30.wav,ship,8,False
data\audio\AudioSet\clips\ship\_q7bllBtC2A_30.wav,ship,8,False
data\audio\AudioSet\clips\ship\kHlH-Ys2CSs_150.wav,ship,8,False
data\audio\AudioSet\clips\ship\3ZEzvNaHWPE_10.wav,ship,8,False
data\audio\AudioSet\clips\ship\JhnGB9Z36no_30.wav,ship,8,False
data\audio\AudioSet\clips\ship\jykd6wWnbDw_210.wav,ship,8,False
data\audio\AudioSet\clips\ship\FLgXwU-TviI_23.wav,ship,8,False
data\audio\AudioSet\clips\ship\2-uMMdsFEWM_30.wav,ship,8,False
data\audio\AudioSet\clips\ship\JzDXNC3r-FM_30.wav,ship,8,False
data\audio\AudioSet\clips\ship\4IZkyZOivZg_30.wav,ship,8,False
data\audio\AudioSet\clips\ship\cRW9tA0SOe0_30.wav,ship,8,False
data\audio\AudioSet\clips\ship\c65F3Bvn2y8_30.wav,ship,8,False
data\audio\AudioSet\clips\ship\YGYKAG2q19o_370.wav,ship,8,False
data\audio\AudioSet\clips\ship\YnPBQQ9WQXA_22.wav,ship,8,False
data\audio\AudioSet\clips\ship\WKVPTC1sfWE_10.wav,ship,8,False
data\audio\AudioSet\clips\ship\KeOziRUc5C0_22.wav,ship,8,False
data\audio\AudioSet\clips\ship\Cpvskfe75FM_30.wav,ship,8,False
data\audio\AudioSet\clips\ship\GJvWWCx2UuU_90.wav,ship,8,False
data\audio\AudioSet\clips\ship\biXc4YxaeRs_0.wav,ship,8,False
data\audio\AudioSet\clips\ship\9BkxqopOLQo_40.wav,ship,8,False
data\audio\AudioSet\clips\ship\MQhD1V14Spw_50.wav,ship,8,False
data\audio\AudioSet\clips\ship\QkBBROJPasI_30.wav,ship,8,False
data\audio\AudioSet\clips\ship\9j4IROLuOkE_10.wav,ship,8,False
data\audio\AudioSet\clips\ship\2RbcCON6_74_30.wav,ship,8,False
data\audio\AudioSet\clips\ship\a6HE939n-Jk_0.wav,ship,8,False
data\audio\AudioSet\clips\ship\UCuylpOa2IE_30.wav,ship,8,False
data\audio\AudioSet\clips\ship\OplcFe9OOMA_30.wav,ship,8,False
data\audio\AudioSet\clips\ship\hjYJ6aibhis_410.wav,ship,8,False
data\audio\AudioSet\clips\ship\UKMMD3z4qX4_70.wav,ship,8,False
data\audio\AudioSet\clips\ship\_76zOFOi7Xo_200.wav,ship,8,False
data\audio\AudioSet\clips\ship\iM-bJMBkakI_30.wav,ship,8,False
data\audio\AudioSet\clips\ship\fvYPQygklIo_30.wav,ship,8,False
data\audio\AudioSet\clips\ship\Dai4HuI98oA_40.wav,ship,8,False
data\audio\AudioSet\clips\ship\Qhgf--hnohY_30.wav,ship,8,False
data\audio\AudioSet\clips\ship\-fwZGpmJNhw_40.wav,ship,8,False
data\audio\AudioSet\clips\ship\hMvUaNs5kQo_70.wav,ship,8,False
data\audio\AudioSet\clips\ship\LEf1_b44ZFo_8.wav,ship,8,False
data\audio\AudioSet\clips\ship\TNK2G4wY46g_30.wav,ship,8,False
data\audio\AudioSet\clips\ship\BbLkppp3QZc_30.wav,ship,8,False
data\audio\AudioSet\clips\ship\faWvKxwpJX8_0.wav,ship,8,False
data\audio\AudioSet\clips\ship\BQWPvKrN07c_10.wav,ship,8,False
data\audio\AudioSet\clips\ship\7rVjlroRQ64_30.wav,ship,8,False
data\audio\AudioSet\clips\ship\TeA1puWNGgw_350.wav,ship,8,False
data\audio\AudioSet\clips\ship\Oq1ygfvQhj0_10.wav,ship,8,False
data\audio\AudioSet\clips\ship\HVatUaplyVU_30.wav,ship,8,False
data\audio\AudioSet\clips\ship\FCjwziBggHE_0.wav,ship,8,False
data\audio\AudioSet\clips\ship\9W--1bU_zjg_550.wav,ship,8,False
data\audio\AudioSet\clips\ship\H0adZlMICzE_30.wav,ship,8,False
data\audio\AudioSet\clips\ship\5LoeIWhgsMU_30.wav,ship,8,False
data\audio\AudioSet\clips\ship\QwuuTg49fuE_30.wav,ship,8,False
data\audio\AudioSet\clips\ship\hgYhAX3IndE_30.wav,ship,8,False
data\audio\AudioSet\clips\ship\DBp853aSoHw_160.wav,ship,8,False
data\audio\AudioSet\clips\ship\X5s1jA9YJlo_30.wav,ship,8,False
data\audio\AudioSet\clips\ship\2r65xKhUEsc_100.wav,ship,8,False
data\audio\AudioSet\clips\ship\0xps9c25LqE_180.wav,ship,8,False
data\audio\AudioSet\clips\ship\7vp4IKHCjJM_440.wav,ship,8,False
data\audio\AudioSet\clips\ship\QiZ93oKvcjI_10.wav,ship,8,False
data\audio\AudioSet\clips\ship\-tL4aWGx01s_30.wav,ship,8,False
data\audio\AudioSet\clips\ship\9KclZjqfBs4_60.wav,ship,8,False
data\audio\AudioSet\clips\ship\hcGOcwEtOSo_460.wav,ship,8,False
data\audio\AudioSet\clips\ship\YkJ9ibE9DbA_10.wav,ship,8,False
data\audio\AudioSet\clips\ship\ETiHg0_v210_180.wav,ship,8,False
data\audio\AudioSet\clips\ship\27rCZL5yPU4_22.wav,ship,8,False
data\audio\AudioSet\clips\ship\QXNgo7S7Cxw_130.wav,ship,8,False
data\audio\AudioSet\clips\ship\LFYCwnYoEBE_30.wav,ship,8,False
data\audio\AudioSet\clips\ship\-3hKkjKmIGE_30.wav,ship,8,False
data\audio\AudioSet\clips\ship\Q975D6bpK_c_30.wav,ship,8,False
data\audio\AudioSet\clips\ship\LzLvMuwX9Vw_70.wav,ship,8,False
data\audio\AudioSet\clips\ship\ci0SHipBCMs_360.wav,ship,8,False
data\audio\AudioSet\clips\ship\aceU1El-9mg_30.wav,ship,8,False
data\audio\AudioSet\clips\ship\HDws6xj6J40_20.wav,ship,8,False
data\audio\AudioSet\clips\ship\89jNY3OEsig_21.wav,ship,8,False
data\audio\AudioSet\clips\ship\_MXjq0eaIVk_60.wav,ship,8,False
data\audio\AudioSet\clips\ship\Mo-mp5wIwI4_30.wav,ship,8,False
data\audio\AudioSet\clips\ship\7HClAwzg7OM_0.wav,ship,8,False
data\audio\AudioSet\clips\ship\6mBd8XtwkvM_30.wav,ship,8,False
data\audio\AudioSet\clips\ship\NOTwJRnmrTY_30.wav,ship,8,False
data\audio\AudioSet\clips\ship\FGSTvZW_toM_30.wav,ship,8,False
data\audio\AudioSet\clips\ship\FCWFhArE1UU_380.wav,ship,8,False
data\audio\AudioSet\clips\ship\FPRRNfbcULA_270.wav,ship,8,False
data\audio\AudioSet\clips\ship\_lGsMYx8ezI_70.wav,ship,8,False
data\audio\AudioSet\clips\ship\hnKRraemix8_400.wav,ship,8,False
data\audio\AudioSet\clips\ship\G-f6qIJF8Pk_50.wav,ship,8,False
data\audio\AudioSet\clips\ship\KxYxPc7alVk_30.wav,ship,8,False
data\audio\AudioSet\clips\ship\Yxdd4q90B0E_20.wav,ship,8,False
data\audio\AudioSet\clips\ship\W8b5T4LJCOw_10.wav,ship,8,False
data\audio\AudioSet\clips\ship\ak9HTVq5mBw_460.wav,ship,8,False
data\audio\AudioSet\clips\ship\H7hEryN8el8_30.wav,ship,8,False
data\audio\AudioSet\clips\ship\OjPPHeQXdZk_30.wav,ship,8,False
data\audio\AudioSet\clips\truck\CJkXDm0vIpU_100.wav,truck,9,False
data\audio\AudioSet\clips\truck\17bfDrV7bvY_30.wav,truck,9,False
data\audio\AudioSet\clips\truck\OPd0cz1hRqc_30.wav,truck,9,False
data\audio\AudioSet\clips\truck\Dmy4EjohxxU_60.wav,truck,9,False
data\audio\AudioSet\clips\truck\DkVfro9iq80_30.wav,truck,9,False
data\audio\AudioSet\clips\truck\55jtGZAKoHQ_11.wav,truck,9,False
data\audio\AudioSet\clips\truck\aLHxMaT3uYg_80.wav,truck,9,False
data\audio\AudioSet\clips\truck\x6vuWsdeS3s_30.wav,truck,9,False
data\audio\AudioSet\clips\truck\bQSaQ0iX_vk_30.wav,truck,9,False
data\audio\AudioSet\clips\truck\FAV0WnQtZqU_140.wav,truck,9,False
data\audio\AudioSet\clips\truck\LwsczwhNsrM_50.wav,truck,9,False
data\audio\AudioSet\clips\truck\0N9EN0BEjP0_430.wav,truck,9,False
data\audio\AudioSet\clips\truck\5QP1Tc3XbDc_30.wav,truck,9,False
data\audio\AudioSet\clips\truck\-zxrdL6MlKI_30.wav,truck,9,False
data\audio\AudioSet\clips\truck\1H1yR1SK4_M_30.wav,truck,9,False
data\audio\AudioSet\clips\truck\_uswoJHYy14_60.wav,truck,9,False
data\audio\AudioSet\clips\truck\LA5TekLaIPI_10.wav,truck,9,False
data\audio\AudioSet\clips\truck\BQVXzH6YK8g_30.wav,truck,9,False
data\audio\AudioSet\clips\truck\9LJnjmcRcb8_280.wav,truck,9,False
data\audio\AudioSet\clips\truck\qUewZTflBeM_40.wav,truck,9,False
data\audio\AudioSet\clips\truck\4Q1y8-PIf4k_30.wav,truck,9,False
data\audio\AudioSet\clips\truck\PSt0xAYgf4g_0.wav,truck,9,False
data\audio\AudioSet\clips\truck\4a004hkTGM0_30.wav,truck,9,False
data\audio\AudioSet\clips\truck\pt-J_L-OFI8_0.wav,truck,9,False
data\audio\AudioSet\clips\truck\qogFRsecYSw_90.wav,truck,9,False
data\audio\AudioSet\clips\truck\yEGABmuqNqo_30.wav,truck,9,False
data\audio\AudioSet\clips\truck\lp66EaEOOoU_30.wav,truck,9,False
data\audio\AudioSet\clips\truck\XYLDjkXAuec_380.wav,truck,9,False
data\audio\AudioSet\clips\truck\6xEHP-C-ZuU_30.wav,truck,9,False
data\audio\AudioSet\clips\truck\4Tpy1lsfcSM_30.wav,truck,9,False
data\audio\AudioSet\clips\truck\2HZcxlRs-hg_30.wav,truck,9,False
data\audio\AudioSet\clips\truck\0XnlJAdG5e8_30.wav,truck,9,False
data\audio\AudioSet\clips\truck\ATcJtQMfKQc_30.wav,truck,9,False
data\audio\AudioSet\clips\truck\0Ga7T-2e490_17.wav,truck,9,False
data\audio\AudioSet\clips\truck\6sfjS8pGgjM_30.wav,truck,9,False
data\audio\AudioSet\clips\truck\yVP1QolCbAg_40.wav,truck,9,False
data\audio\AudioSet\clips\truck\7DnayFfLdok_30.wav,truck,9,False
data\audio\AudioSet\clips\truck\4ep09nZl3LA_30.wav,truck,9,False
data\audio\AudioSet\clips\truck\-BY64_p-vtM_30.wav,truck,9,False
data\audio\AudioSet\clips\truck\5DjZHCumLfs_11.wav,truck,9,False
data\audio\AudioSet\clips\truck\xMClk12ouB8_30.wav,truck,9,False
data\audio\AudioSet\clips\truck\gH9or2aQqOg_300.wav,truck,9,False
data\audio\AudioSet\clips\truck\Gvbw_T32FSk_5.wav,truck,9,False
data\audio\AudioSet\clips\truck\0yZgsUq3yWY_30.wav,truck,9,False
data\audio\AudioSet\clips\truck\0cr9YtzgZT4_30.wav,truck,9,False
data\audio\AudioSet\clips\truck\eIkUuCRE_0U_30.wav,truck,9,False
data\audio\AudioSet\clips\truck\rdanJP7Usrg_30.wav,truck,9,False
data\audio\AudioSet\clips\truck\t7uMx5EU-Rg_450.wav,truck,9,False
data\audio\AudioSet\clips\truck\davLHMXIHDM_320.wav,truck,9,False
data\audio\AudioSet\clips\truck\LsY_YZDzIY0_290.wav,truck,9,False
data\audio\AudioSet\clips\truck\IxlvxvG8zOE_110.wav,truck,9,False
data\audio\AudioSet\clips\truck\Lf6A0G1adiE_380.wav,truck,9,False
data\audio\AudioSet\clips\truck\BA_nJrD4lQQ_40.wav,truck,9,False
data\audio\AudioSet\clips\truck\-2sE5CH8Wb8_30.wav,truck,9,False
data\audio\AudioSet\clips\truck\Pef6g19i5iI_30.wav,truck,9,False
data\audio\AudioSet\clips\truck\bGvorcBfgp8_70.wav,truck,9,False
data\audio\AudioSet\clips\truck\4MRzQbAIyV4_90.wav,truck,9,False
data\audio\AudioSet\clips\truck\6HL_DKWK-WA_10.wav,truck,9,False
data\audio\AudioSet\clips\truck\6VQGk8IrV-4_30.wav,truck,9,False
data\audio\AudioSet\clips\truck\A9KMqwqLboE_30.wav,truck,9,False
data\audio\AudioSet\clips\truck\pEwS6giexfg_20.wav,truck,9,False
data\audio\AudioSet\clips\truck\2x3-zPubbpA_30.wav,truck,9,False
data\audio\AudioSet\clips\truck\3AYBZ2623dk_30.wav,truck,9,False
data\audio\AudioSet\clips\truck\2Jpg_KvJWL0_30.wav,truck,9,False
data\audio\AudioSet\clips\truck\ikmE_kRvDAc_30.wav,truck,9,False
data\audio\AudioSet\clips\truck\6eqjdgiGAsE_10.wav,truck,9,False
data\audio\AudioSet\clips\truck\IPP2G8yOYEQ_0.wav,truck,9,False
data\audio\AudioSet\clips\truck\ntzB1zCeVXY_20.wav,truck,9,False
data\audio\AudioSet\clips\truck\6Y8bKS6KLeE_30.wav,truck,9,False
data\audio\AudioSet\clips\truck\iZFRfh1Wjt8_420.wav,truck,9,False
data\audio\AudioSet\clips\truck\nDtrUUc2J2U_0.wav,truck,9,False
data\audio\AudioSet\clips\truck\5dLgZwcWe8Q_230.wav,truck,9,False
data\audio\AudioSet\clips\truck\trUGgxYyClc_0.wav,truck,9,False
data\audio\AudioSet\clips\truck\JLzD44Im1Ec_30.wav,truck,9,False
data\audio\AudioSet\clips\truck\AGSTHhpO1U0_30.wav,truck,9,False
data\audio\AudioSet\clips\truck\FlpraUXdnkg_30.wav,truck,9,False
data\audio\AudioSet\clips\truck\zM3chsL-B7U_30.wav,truck,9,False
data\audio\AudioSet\clips\truck\7nglQSmcjAk_30.wav,truck,9,False
data\audio\AudioSet\clips\truck\-fJsZm3YRc0_30.wav,truck,9,False
data\audio\AudioSet\clips\truck\ieZVo7W3BQ4_30.wav,truck,9,False
data\audio\AudioSet\clips\truck\M4GU1gE8BYo_310.wav,truck,9,False
data\audio\AudioSet\clips\truck\77DHZFJZnK4_30.wav,truck,9,False
data\audio\AudioSet\clips\truck\5fLzQegwHUg_30.wav,truck,9,False
data\audio\AudioSet\clips\truck\e9EUmQBO498_0.wav,truck,9,False
data\audio\AudioSet\clips\truck\DleBZ7FEZic_320.wav,truck,9,False
data\audio\AudioSet\clips\truck\5DW8WjxxCag_30.wav,truck,9,False
data\audio\AudioSet\clips\truck\nMaSkwx6cHE_30.wav,truck,9,False
data\audio\AudioSet\clips\truck\-x70B12Mb-8_30.wav,truck,9,False
data\audio\AudioSet\clips\truck\6UZVovkR3IU_30.wav,truck,9,False
data\audio\AudioSet\clips\truck\bWtCva4PDKE_0.wav,truck,9,False
data\audio\AudioSet\clips\truck\IzKed528MCk_70.wav,truck,9,False
data\audio\AudioSet\clips\truck\OQ3Ore6FMPw_200.wav,truck,9,False
data\audio\AudioSet\clips\truck\FEoMTMxzn3U_30.wav,truck,9,False
data\audio\AudioSet\clips\truck\rTSz2mDpLoo_210.wav,truck,9,False
data\audio\AudioSet\clips\truck\SiBIYAiIajM_30.wav,truck,9,False
data\audio\AudioSet\clips\truck\hKQb8SijZO4_240.wav,truck,9,False
data\audio\AudioSet\clips\truck\-zNEcuo28oE_30.wav,truck,9,False
data\audio\AudioSet\clips\truck\0OiPtV9sd_w_30.wav,truck,9,False
data\audio\AudioSet\clips\truck\opXNUOAPTxA_320.wav,truck,9,False
data\audio\AudioSet\clips\truck\pkuQ0UFQeq4_10.wav,truck,9,False
data\audio\AudioSet\synthesised\deer\deer_aug_000.wav,deer,4,True
data\audio\AudioSet\synthesised\deer\deer_aug_001.wav,deer,4,True
data\audio\AudioSet\synthesised\deer\deer_aug_002.wav,deer,4,True
data\audio\AudioSet\synthesised\deer\deer_aug_003.wav,deer,4,True
data\audio\AudioSet\synthesised\deer\deer_aug_004.wav,deer,4,True
data\audio\AudioSet\synthesised\deer\deer_aug_005.wav,deer,4,True
data\audio\AudioSet\synthesised\deer\deer_aug_006.wav,deer,4,True
data\audio\AudioSet\synthesised\deer\deer_aug_007.wav,deer,4,True
data\audio\AudioSet\synthesised\deer\deer_aug_008.wav,deer,4,True
data\audio\AudioSet\synthesised\deer\deer_aug_009.wav,deer,4,True
data\audio\AudioSet\synthesised\deer\deer_aug_010.wav,deer,4,True
data\audio\AudioSet\synthesised\deer\deer_aug_011.wav,deer,4,True
data\audio\AudioSet\synthesised\deer\deer_aug_012.wav,deer,4,True
data\audio\AudioSet\synthesised\deer\deer_aug_013.wav,deer,4,True
data\audio\AudioSet\synthesised\deer\deer_aug_014.wav,deer,4,True
data\audio\AudioSet\synthesised\deer\deer_aug_015.wav,deer,4,True
data\audio\AudioSet\synthesised\deer\deer_aug_016.wav,deer,4,True
data\audio\AudioSet\synthesised\deer\deer_aug_017.wav,deer,4,True
data\audio\AudioSet\synthesised\deer\deer_aug_018.wav,deer,4,True
data\audio\AudioSet\synthesised\deer\deer_aug_019.wav,deer,4,True
data\audio\AudioSet\synthesised\deer\deer_aug_020.wav,deer,4,True
data\audio\AudioSet\synthesised\deer\deer_aug_021.wav,deer,4,True
data\audio\AudioSet\synthesised\deer\deer_aug_022.wav,deer,4,True
data\audio\AudioSet\synthesised\deer\deer_aug_023.wav,deer,4,True
data\audio\AudioSet\synthesised\deer\deer_aug_024.wav,deer,4,True
data\audio\AudioSet\synthesised\deer\deer_aug_025.wav,deer,4,True
data\audio\AudioSet\synthesised\deer\deer_aug_026.wav,deer,4,True
data\audio\AudioSet\synthesised\deer\deer_aug_027.wav,deer,4,True
data\audio\AudioSet\synthesised\deer\deer_aug_028.wav,deer,4,True
data\audio\AudioSet\synthesised\deer\deer_aug_029.wav,deer,4,True
data\audio\AudioSet\synthesised\deer\deer_aug_030.wav,deer,4,True
data\audio\AudioSet\synthesised\deer\deer_aug_031.wav,deer,4,True
data\audio\AudioSet\synthesised\deer\deer_aug_032.wav,deer,4,True
data\audio\AudioSet\synthesised\deer\deer_aug_033.wav,deer,4,True
data\audio\AudioSet\synthesised\deer\deer_aug_034.wav,deer,4,True
data\audio\AudioSet\synthesised\deer\deer_aug_035.wav,deer,4,True
data\audio\AudioSet\synthesised\deer\deer_aug_036.wav,deer,4,True
data\audio\AudioSet\synthesised\deer\deer_aug_037.wav,deer,4,True
data\audio\AudioSet\synthesised\deer\deer_aug_038.wav,deer,4,True
data\audio\AudioSet\synthesised\deer\deer_aug_039.wav,deer,4,True
data\audio\AudioSet\synthesised\deer\deer_aug_040.wav,deer,4,True
data\audio\AudioSet\synthesised\deer\deer_aug_041.wav,deer,4,True
data\audio\AudioSet\synthesised\deer\deer_aug_042.wav,deer,4,True
data\audio\AudioSet\synthesised\deer\deer_aug_043.wav,deer,4,True
data\audio\AudioSet\synthesised\deer\deer_aug_044.wav,deer,4,True
data\audio\AudioSet\synthesised\deer\deer_aug_045.wav,deer,4,True
data\audio\AudioSet\synthesised\deer\deer_aug_046.wav,deer,4,True
data\audio\AudioSet\synthesised\deer\deer_aug_047.wav,deer,4,True
data\audio\AudioSet\synthesised\deer\deer_aug_048.wav,deer,4,True
data\audio\AudioSet\synthesised\deer\deer_aug_049.wav,deer,4,True
data\audio\AudioSet\synthesised\deer\deer_aug_050.wav,deer,4,True
data\audio\AudioSet\synthesised\deer\deer_aug_051.wav,deer,4,True
data\audio\AudioSet\synthesised\deer\deer_aug_052.wav,deer,4,True
data\audio\AudioSet\synthesised\deer\deer_aug_053.wav,deer,4,True
data\audio\AudioSet\synthesised\deer\deer_aug_054.wav,deer,4,True
data\audio\AudioSet\synthesised\deer\deer_aug_055.wav,deer,4,True
data\audio\AudioSet\synthesised\deer\deer_aug_056.wav,deer,4,True
data\audio\AudioSet\synthesised\deer\deer_aug_057.wav,deer,4,True
data\audio\AudioSet\synthesised\deer\deer_aug_058.wav,deer,4,True
data\audio\AudioSet\synthesised\deer\deer_aug_059.wav,deer,4,True
data\audio\AudioSet\synthesised\deer\deer_aug_060.wav,deer,4,True
data\audio\AudioSet\synthesised\deer\deer_aug_061.wav,deer,4,True
data\audio\AudioSet\synthesised\deer\deer_aug_062.wav,deer,4,True
data\audio\AudioSet\synthesised\deer\deer_aug_063.wav,deer,4,True
data\audio\AudioSet\synthesised\deer\deer_aug_064.wav,deer,4,True
data\audio\AudioSet\synthesised\deer\deer_aug_065.wav,deer,4,True
data\audio\AudioSet\synthesised\deer\deer_aug_066.wav,deer,4,True
data\audio\AudioSet\synthesised\deer\deer_aug_067.wav,deer,4,True
data\audio\AudioSet\synthesised\deer\deer_aug_068.wav,deer,4,True
data\audio\AudioSet\synthesised\deer\deer_aug_069.wav,deer,4,True
data\audio\AudioSet\synthesised\deer\deer_aug_070.wav,deer,4,True
data\audio\AudioSet\synthesised\deer\deer_aug_071.wav,deer,4,True
data\audio\AudioSet\synthesised\deer\deer_aug_072.wav,deer,4,True
data\audio\AudioSet\synthesised\deer\deer_aug_073.wav,deer,4,True
data\audio\AudioSet\synthesised\deer\deer_aug_074.wav,deer,4,True
data\audio\AudioSet\synthesised\deer\deer_aug_075.wav,deer,4,True
data\audio\AudioSet\synthesised\deer\deer_aug_076.wav,deer,4,True
data\audio\AudioSet\synthesised\deer\deer_aug_077.wav,deer,4,True
data\audio\AudioSet\synthesised\deer\deer_aug_078.wav,deer,4,True
data\audio\AudioSet\synthesised\deer\deer_aug_079.wav,deer,4,True
data\audio\AudioSet\synthesised\deer\deer_aug_080.wav,deer,4,True
data\audio\AudioSet\synthesised\deer\deer_aug_081.wav,deer,4,True
data\audio\AudioSet\synthesised\deer\deer_aug_082.wav,deer,4,True
data\audio\AudioSet\synthesised\deer\deer_aug_083.wav,deer,4,True
data\audio\AudioSet\synthesised\deer\deer_aug_084.wav,deer,4,True
data\audio\AudioSet\synthesised\deer\deer_aug_085.wav,deer,4,True
data\audio\AudioSet\synthesised\deer\deer_aug_086.wav,deer,4,True
data\audio\AudioSet\synthesised\deer\deer_aug_087.wav,deer,4,True
data\audio\AudioSet\synthesised\deer\deer_aug_088.wav,deer,4,True
data\audio\AudioSet\synthesised\deer\deer_aug_089.wav,deer,4,True
data\audio\AudioSet\synthesised\deer\deer_aug_090.wav,deer,4,True
data\audio\AudioSet\synthesised\deer\deer_aug_091.wav,deer,4,True
data\audio\AudioSet\synthesised\deer\deer_aug_092.wav,deer,4,True
data\audio\AudioSet\synthesised\deer\deer_aug_093.wav,deer,4,True
data\audio\AudioSet\synthesised\deer\deer_aug_094.wav,deer,4,True
data\audio\AudioSet\synthesised\deer\deer_aug_095.wav,deer,4,True
data\audio\AudioSet\synthesised\deer\deer_aug_096.wav,deer,4,True
data\audio\AudioSet\synthesised\deer\deer_aug_097.wav,deer,4,True
data\audio\AudioSet\synthesised\deer\deer_aug_098.wav,deer,4,True
data\audio\AudioSet\synthesised\deer\deer_aug_099.wav,deer,4,True
